{
  "input": "/home/roman/Study/digital_image_processing_sem10/images/lab03/input/bnw.png",
  "angle_degrees": 30.000000000000,
  "quality_method": "rotate by angle, rotate back by negative angle, center-crop to original size",
  "original_width": 1120,
  "original_height": 1120,
  "methods": [
    {
      "method": "nearest",
      "rotated_width": 1530,
      "rotated_height": 1530,
      "rotation_ms": 105.743437000000,
      "inverse_rotation_ms": 196.482900000000,
      "roundtrip_mse": 60.437995057398,
      "roundtrip_psnr_db": 30.317703120499
    },
    {
      "method": "bilinear",
      "rotated_width": 1530,
      "rotated_height": 1530,
      "rotation_ms": 149.759951000000,
      "inverse_rotation_ms": 278.130293000000,
      "roundtrip_mse": 50.713931760204,
      "roundtrip_psnr_db": 31.079530789422
    },
    {
      "method": "bicubic",
      "rotated_width": 1530,
      "rotated_height": 1530,
      "rotation_ms": 376.624819000000,
      "inverse_rotation_ms": 701.379689000000,
      "roundtrip_mse": 15.201682876276,
      "roundtrip_psnr_db": 36.311886924347
    }
  ]
}
