{
  "input": "/home/roman/Study/digital_image_processing_sem10/images/lab03/input/bnw.png",
  "angle_degrees": 30.000000000000,
  "quality_method": "rotate by angle, rotate back by negative angle, center-crop to original size",
  "original_width": 1120,
  "original_height": 1120,
  "methods": [
    {
      "method": "nearest",
      "rotated_width": 1530,
      "rotated_height": 1530,
      "rotation_ms": 104.204735000000,
      "inverse_rotation_ms": 194.197849000000,
      "roundtrip_mse": 60.437995057398,
      "roundtrip_psnr_db": 30.317703120499
    },
    {
      "method": "bilinear",
      "rotated_width": 1530,
      "rotated_height": 1530,
      "rotation_ms": 150.134851000000,
      "inverse_rotation_ms": 277.651642000000,
      "roundtrip_mse": 50.713931760204,
      "roundtrip_psnr_db": 31.079530789422
    },
    {
      "method": "bicubic",
      "rotated_width": 1530,
      "rotated_height": 1530,
      "rotation_ms": 395.066945000000,
      "inverse_rotation_ms": 738.855095000000,
      "roundtrip_mse": 18.807448979592,
      "roundtrip_psnr_db": 35.387504685190
    }
  ]
}
