{
  "input": "/home/roman/Study/digital_image_processing_sem10/images/lab03/input/flower.jpg",
  "angle_degrees": -45.000000000000,
  "quality_method": "rotate by angle, rotate back by negative angle, center-crop to original size",
  "original_width": 1920,
  "original_height": 1280,
  "methods": [
    {
      "method": "nearest",
      "rotated_width": 2263,
      "rotated_height": 2263,
      "rotation_ms": 226.708305000000,
      "inverse_rotation_ms": 453.089421000000,
      "roundtrip_mse": 1.780587565104,
      "roundtrip_psnr_db": 45.625170247524
    },
    {
      "method": "bilinear",
      "rotated_width": 2263,
      "rotated_height": 2263,
      "rotation_ms": 315.697699000000,
      "inverse_rotation_ms": 633.707624000000,
      "roundtrip_mse": 7.900087076823,
      "roundtrip_psnr_db": 39.154484826439
    },
    {
      "method": "bicubic",
      "rotated_width": 2263,
      "rotated_height": 2263,
      "rotation_ms": 792.770551000000,
      "inverse_rotation_ms": 1640.388642000000,
      "roundtrip_mse": 7.417152099609,
      "roundtrip_psnr_db": 39.428431759179
    }
  ]
}
