{
  "input": "/home/roman/Study/digital_image_processing_sem10/images/lab03/input/flower.jpg",
  "angle_degrees": 30.000000000000,
  "quality_method": "rotate by angle, rotate back by negative angle, center-crop to original size",
  "original_width": 1920,
  "original_height": 1280,
  "methods": [
    {
      "method": "nearest",
      "rotated_width": 2303,
      "rotated_height": 2069,
      "rotation_ms": 214.857558000000,
      "inverse_rotation_ms": 402.431883000000,
      "roundtrip_mse": 11.486742350260,
      "roundtrip_psnr_db": 37.528834809963
    },
    {
      "method": "bilinear",
      "rotated_width": 2303,
      "rotated_height": 2069,
      "rotation_ms": 300.893597000000,
      "inverse_rotation_ms": 565.660428000000,
      "roundtrip_mse": 12.048109130859,
      "roundtrip_psnr_db": 37.321614681870
    },
    {
      "method": "bicubic",
      "rotated_width": 2303,
      "rotated_height": 2069,
      "rotation_ms": 744.048778000000,
      "inverse_rotation_ms": 1426.503644000000,
      "roundtrip_mse": 12.408568929036,
      "roundtrip_psnr_db": 37.193586633386
    }
  ]
}
