{
  "input": "/home/roman/Study/digital_image_processing_sem10/images/lab03/input/flower.jpg",
  "angle_degrees": 30.000000000000,
  "quality_method": "rotate by angle, rotate back by negative angle, center-crop to original size",
  "original_width": 1920,
  "original_height": 1280,
  "methods": [
    {
      "method": "nearest",
      "rotated_width": 2303,
      "rotated_height": 2069,
      "rotation_ms": 205.402936000000,
      "inverse_rotation_ms": 384.306495000000,
      "roundtrip_mse": 11.486742350260,
      "roundtrip_psnr_db": 37.528834809963
    },
    {
      "method": "bilinear",
      "rotated_width": 2303,
      "rotated_height": 2069,
      "rotation_ms": 294.551476000000,
      "inverse_rotation_ms": 553.194233000000,
      "roundtrip_mse": 12.048109130859,
      "roundtrip_psnr_db": 37.321614681870
    },
    {
      "method": "bicubic",
      "rotated_width": 2303,
      "rotated_height": 2069,
      "rotation_ms": 739.200056000000,
      "inverse_rotation_ms": 1416.237102000000,
      "roundtrip_mse": 12.408568929036,
      "roundtrip_psnr_db": 37.193586633386
    }
  ]
}
