{
  "input": "/home/roman/Study/digital_image_processing_sem10/images/lab03/input/imagesample.jpg",
  "angle_degrees": 30.000000000000,
  "quality_method": "rotate by angle, rotate back by negative angle, center-crop to original size",
  "original_width": 1920,
  "original_height": 1200,
  "methods": [
    {
      "method": "nearest",
      "rotated_width": 2263,
      "rotated_height": 2000,
      "rotation_ms": 201.399862000000,
      "inverse_rotation_ms": 384.379155000000,
      "roundtrip_mse": 172.553942708333,
      "roundtrip_psnr_db": 25.761554738738
    },
    {
      "method": "bilinear",
      "rotated_width": 2263,
      "rotated_height": 2000,
      "rotation_ms": 277.021102000000,
      "inverse_rotation_ms": 533.047291000000,
      "roundtrip_mse": 106.771631510417,
      "roundtrip_psnr_db": 27.846244819118
    },
    {
      "method": "bicubic",
      "rotated_width": 2263,
      "rotated_height": 2000,
      "rotation_ms": 733.600133000000,
      "inverse_rotation_ms": 1422.947888000000,
      "roundtrip_mse": 106.878154079861,
      "roundtrip_psnr_db": 27.841914164836
    }
  ]
}
