{
  "input": "/home/roman/Study/digital_image_processing_sem10/images/lab03/input/imagesample.jpg",
  "angle_degrees": -45.000000000000,
  "quality_method": "rotate by angle, rotate back by negative angle, center-crop to original size",
  "original_width": 1920,
  "original_height": 1200,
  "methods": [
    {
      "method": "nearest",
      "rotated_width": 2207,
      "rotated_height": 2207,
      "rotation_ms": 208.126741000000,
      "inverse_rotation_ms": 418.555695000000,
      "roundtrip_mse": 273.098596788194,
      "roundtrip_psnr_db": 23.767608921771
    },
    {
      "method": "bilinear",
      "rotated_width": 2207,
      "rotated_height": 2207,
      "rotation_ms": 285.842019000000,
      "inverse_rotation_ms": 584.732684000000,
      "roundtrip_mse": 200.399541666667,
      "roundtrip_psnr_db": 25.111836369455
    },
    {
      "method": "bicubic",
      "rotated_width": 2207,
      "rotated_height": 2207,
      "rotation_ms": 703.931093000000,
      "inverse_rotation_ms": 1473.114318000000,
      "roundtrip_mse": 225.823046440972,
      "roundtrip_psnr_db": 24.593120989592
    }
  ]
}
