{
  "input": "/home/roman/Study/digital_image_processing_sem10/images/lab03/input/imagesample.jpg",
  "angle_degrees": -45.000000000000,
  "quality_method": "rotate by angle, rotate back by negative angle, center-crop to original size",
  "original_width": 1920,
  "original_height": 1200,
  "methods": [
    {
      "method": "nearest",
      "rotated_width": 2207,
      "rotated_height": 2207,
      "rotation_ms": 214.990508000000,
      "inverse_rotation_ms": 430.347783000000,
      "roundtrip_mse": 273.098596788194,
      "roundtrip_psnr_db": 23.767608921771
    },
    {
      "method": "bilinear",
      "rotated_width": 2207,
      "rotated_height": 2207,
      "rotation_ms": 290.435323000000,
      "inverse_rotation_ms": 596.494457000000,
      "roundtrip_mse": 200.399541666667,
      "roundtrip_psnr_db": 25.111836369455
    },
    {
      "method": "bicubic",
      "rotated_width": 2207,
      "rotated_height": 2207,
      "rotation_ms": 743.594391000000,
      "inverse_rotation_ms": 1556.041026000000,
      "roundtrip_mse": 222.715125868056,
      "roundtrip_psnr_db": 24.653306473904
    }
  ]
}
