{
  "input": "/home/roman/Study/digital_image_processing_sem10/images/lab03/input/imagesample.jpg",
  "angle_degrees": 30.000000000000,
  "quality_method": "rotate by angle, rotate back by negative angle, center-crop to original size",
  "original_width": 1920,
  "original_height": 1200,
  "methods": [
    {
      "method": "nearest",
      "rotated_width": 2263,
      "rotated_height": 2000,
      "rotation_ms": 195.893152000000,
      "inverse_rotation_ms": 365.009568000000,
      "roundtrip_mse": 172.553942708333,
      "roundtrip_psnr_db": 25.761554738738
    },
    {
      "method": "bilinear",
      "rotated_width": 2263,
      "rotated_height": 2000,
      "rotation_ms": 272.687846000000,
      "inverse_rotation_ms": 520.296619000000,
      "roundtrip_mse": 106.771631510417,
      "roundtrip_psnr_db": 27.846244819118
    },
    {
      "method": "bicubic",
      "rotated_width": 2263,
      "rotated_height": 2000,
      "rotation_ms": 693.504342000000,
      "inverse_rotation_ms": 1346.028476000000,
      "roundtrip_mse": 108.402220486111,
      "roundtrip_psnr_db": 27.780421825863
    }
  ]
}
