{
  "input": "/home/roman/Study/digital_image_processing_sem10/images/lab06/input/components/geometric_shapes.pgm",
  "highlighted_output": "/home/roman/Study/digital_image_processing_sem10/images/lab06/output/geometric_shapes_large_circles.png",
  "method": "large circle-like component detection",
  "foreground_condition": "pixel != 0",
  "width": 44,
  "height": 32,
  "component_count": 7,
  "selected_count": 2,
  "criteria": {
    "min_area_exclusive": 30,
    "roundness_kr2_formula": "2 * pi * (mu20 + mu02) / S^2",
    "target_roundness_kr2": 1.000000000000,
    "max_roundness_deviation": 0.020000000000
  },
  "selected_components": [
    {
      "label": 3,
      "area": 49,
      "min_x": 4,
      "min_y": 4,
      "max_x": 12,
      "max_y": 12,
      "roundness_kr2": 1.004890944588,
      "roundness_deviation": 0.004890944588,
      "raw_moments": {
        "m00": 49.000000000000,
        "m10": 392.000000000000,
        "m01": 392.000000000000
      },
      "centroid": {
        "x": 8.000000000000,
        "y": 8.000000000000
      },
      "central_moments": {
        "mu20": 192.000000000000,
        "mu02": 192.000000000000,
        "mu11": 0.000000000000
      }
    },
    {
      "label": 6,
      "area": 81,
      "min_x": 26,
      "min_y": 17,
      "max_x": 36,
      "max_y": 27,
      "roundness_kr2": 1.007454800054,
      "roundness_deviation": 0.007454800054,
      "raw_moments": {
        "m00": 81.000000000000,
        "m10": 2511.000000000000,
        "m01": 1782.000000000000
      },
      "centroid": {
        "x": 31.000000000000,
        "y": 22.000000000000
      },
      "central_moments": {
        "mu20": 526.000000000000,
        "mu02": 526.000000000000,
        "mu11": 0.000000000000
      }
    }
  ]
}
