{
  "input": "/home/roman/Study/digital_image_processing_sem10/images/lab01/input/bnw.png",
  "width": 1120,
  "height": 1120,
  "channels": 1,
  "pixel_type": "uint8",
  "mean": 97.1163950893,
  "variance": 7405.2757857291,
  "quartiles": {
    "q1": 14.0000000000,
    "q2": 79.0000000000,
    "q3": 180.0000000000
  },
  "entropy": 7.4003058586,
  "energy": 0.0110912310,
  "skewness": 0.3828988361,
  "kurtosis": -1.4001102606,
  "histogram": [8078, 17669, 19313, 5587, 29916, 9133, 50106, 15992, 18898, 13271, 9953, 51563, 49320, 9867, 44517, 11241, 32715, 20841, 13919, 6661, 4424, 10053, 10138, 7811, 7063, 4360, 5135, 3821, 6078, 7819, 3938, 4955, 3407, 2696, 2553, 2273, 2544, 2553, 2810, 2395, 2213, 3268, 2358, 2098, 2488, 2258, 2335, 2198, 2405, 2179, 2234, 2387, 2423, 2373, 2319, 2287, 2190, 2021, 2191, 2043, 2119, 2087, 2123, 2235, 2236, 2218, 2354, 2473, 2455, 2413, 2409, 2418, 2510, 2443, 2683, 2584, 2650, 2647, 2428, 2543, 2530, 2567, 2595, 2588, 2580, 2435, 2587, 2594, 2586, 2747, 2785, 2853, 2885, 2629, 2998, 2901, 3771, 3392, 3261, 3425, 3464, 3996, 3293, 3199, 3227, 3032, 2981, 2872, 3055, 2921, 2905, 3055, 3179, 3183, 3135, 2758, 2652, 2379, 2514, 2483, 2466, 2510, 2285, 2264, 2325, 2363, 2617, 2718, 3087, 2812, 2950, 3108, 2935, 2743, 2863, 2901, 3294, 2774, 2807, 2656, 2671, 3091, 3275, 3370, 3666, 3172, 3136, 3030, 3180, 3522, 3509, 3674, 3771, 3548, 3623, 3549, 4273, 4204, 4393, 4062, 4195, 4212, 3905, 3663, 3939, 3847, 3759, 3628, 3294, 3003, 2920, 2730, 2927, 2944, 2890, 2812, 2959, 3078, 3414, 3921, 3720, 3943, 4036, 3589, 4082, 3530, 4033, 3892, 4238, 4387, 4318, 4408, 4645, 4271, 5145, 4831, 5228, 5611, 4797, 4530, 4305, 4809, 5385, 5132, 4942, 4428, 4244, 4178, 4398, 4366, 3830, 3852, 3388, 3095, 2724, 2689, 3174, 3075, 3677, 2981, 2701, 3178, 2802, 2842, 3528, 3427, 3834, 4226, 3878, 3446, 3254, 3326, 3640, 4322, 4721, 4504, 5702, 4784, 6334, 8389, 5827, 7719, 7240, 4659, 5715, 3138, 3919, 2696, 2326, 1900, 1896, 1805, 1813, 1704, 3474, 9914]
}
