{
  "input": "/home/roman/Study/digital_image_processing_sem10/images/lab01/input/dog.jpg",
  "width": 350,
  "height": 500,
  "channels": 1,
  "pixel_type": "uint8",
  "mean": 142.5687028571,
  "variance": 1360.9239999174,
  "quartiles": {
    "q1": 125.0000000000,
    "q2": 146.0000000000,
    "q3": 165.0000000000
  },
  "entropy": 7.1726151878,
  "energy": 0.0086473014,
  "skewness": -0.6158074531,
  "kurtosis": 0.7120176529,
  "histogram": [31, 19, 31, 15, 24, 22, 13, 13, 16, 14, 14, 22, 21, 26, 20, 28, 30, 47, 75, 83, 74, 65, 75, 70, 85, 79, 67, 55, 84, 67, 62, 66, 68, 70, 81, 81, 86, 98, 83, 105, 113, 99, 114, 96, 130, 109, 149, 150, 126, 152, 148, 159, 159, 146, 145, 160, 182, 171, 188, 182, 197, 191, 222, 259, 275, 296, 304, 337, 288, 297, 369, 328, 374, 397, 408, 423, 398, 406, 433, 425, 430, 417, 442, 440, 481, 487, 493, 491, 486, 483, 509, 539, 549, 568, 566, 577, 559, 603, 584, 596, 623, 604, 640, 616, 627, 665, 647, 684, 716, 681, 768, 763, 780, 848, 889, 925, 986, 961, 1059, 1097, 1118, 1163, 1194, 1305, 1418, 1476, 1527, 1618, 1688, 1808, 1887, 1972, 1924, 1869, 1821, 1872, 1862, 1951, 2007, 2180, 2240, 2393, 2393, 2439, 2516, 2477, 2623, 2591, 2588, 2629, 2549, 2721, 2584, 2519, 2453, 2424, 2342, 2318, 2273, 2246, 2316, 2183, 1985, 1843, 1810, 1694, 1612, 1605, 1470, 1419, 1402, 1362, 1250, 1238, 1204, 1100, 1088, 1005, 974, 977, 951, 912, 897, 870, 867, 845, 856, 806, 723, 806, 831, 747, 772, 821, 760, 740, 724, 727, 722, 669, 617, 627, 654, 606, 555, 541, 472, 508, 441, 396, 366, 378, 376, 336, 286, 229, 211, 200, 178, 131, 138, 130, 93, 97, 81, 64, 42, 36, 30, 23, 17, 12, 16, 6, 10, 6, 6, 5, 6, 3, 5, 8, 8, 4, 3, 4, 3, 1, 0, 0, 1, 1, 1, 0, 0, 2]
}
