{
  "input": "/home/roman/Study/digital_image_processing_sem10/images/lab01/input/flower.jpg",
  "width": 1920,
  "height": 1280,
  "channels": 1,
  "pixel_type": "uint8",
  "mean": 108.6531933594,
  "variance": 2176.4405552321,
  "quartiles": {
    "q1": 73.0000000000,
    "q2": 113.0000000000,
    "q3": 144.0000000000
  },
  "entropy": 7.4960452995,
  "energy": 0.0059449067,
  "skewness": -0.1394996421,
  "kurtosis": -0.8016203753,
  "histogram": [0, 0, 0, 0, 0, 0, 0, 61, 774, 4427, 9867, 7914, 8115, 7660, 5308, 3698, 3169, 3149, 3588, 4447, 5301, 6320, 5832, 6199, 6002, 6687, 7511, 7259, 6487, 8581, 8348, 7422, 7629, 10190, 7671, 8749, 9250, 9049, 10429, 9995, 8872, 8784, 9033, 8914, 9384, 9411, 9675, 10052, 9919, 9379, 9267, 9742, 9274, 9404, 9669, 10235, 11511, 14987, 17834, 16972, 16128, 16877, 17571, 19147, 19531, 14932, 12637, 12308, 12274, 11392, 10318, 10491, 10486, 10579, 11447, 13522, 14377, 14626, 15297, 14937, 14123, 14872, 15188, 14490, 13872, 13651, 13228, 12944, 13311, 14562, 14704, 14994, 14915, 14866, 14550, 15197, 16052, 17151, 17653, 16642, 17192, 17119, 16951, 16139, 16337, 17047, 17261, 17195, 17713, 17214, 17036, 17170, 17367, 18072, 19435, 20330, 22023, 22718, 23083, 22100, 21601, 21648, 21727, 22542, 23106, 22868, 21154, 19925, 19595, 19528, 19375, 18936, 18456, 18813, 19126, 19246, 19077, 19074, 18813, 17170, 16104, 16278, 16044, 15715, 15622, 15846, 15590, 15294, 14331, 13435, 12836, 12470, 12923, 13278, 13413, 13390, 13071, 14465, 15273, 14757, 13571, 13496, 13447, 14232, 15018, 15799, 15083, 14446, 13727, 13255, 11483, 10483, 9881, 9829, 9499, 9304, 8722, 8611, 8681, 8851, 9603, 11345, 12198, 11670, 12234, 10227, 8397, 7368, 6138, 5066, 4557, 3999, 3982, 4303, 4233, 3851, 4569, 4083, 4259, 4106, 3165, 2546, 2262, 1763, 1317, 1147, 1009, 876, 756, 554, 442, 293, 239, 210, 184, 137, 102, 96, 78, 43, 45, 38, 14, 7, 4, 1, 1, 0, 0, 0, 0, 0, 0, 0, 0, 0, 0, 0, 0, 0, 0, 0, 0, 0, 0, 0, 0, 0, 0, 0, 0, 0, 0, 0, 0, 0]
}
