{
  "input": "/home/roman/Study/digital_image_processing_sem10/images/lab01/input/imagesample.jpg",
  "width": 1920,
  "height": 1200,
  "channels": 1,
  "pixel_type": "uint8",
  "mean": 136.9829583333,
  "variance": 2741.6845194774,
  "quartiles": {
    "q1": 106.0000000000,
    "q2": 143.0000000000,
    "q3": 176.0000000000
  },
  "entropy": 7.6341483624,
  "energy": 0.0055614595,
  "skewness": -0.4220608867,
  "kurtosis": -0.4691951181,
  "histogram": [12, 8, 26, 24, 35, 62, 98, 141, 195, 262, 340, 471, 679, 967, 1378, 1989, 2712, 3350, 4047, 4628, 5088, 5507, 5891, 6246, 6498, 6637, 6902, 6908, 6705, 6798, 6669, 6405, 6297, 6148, 5967, 5791, 5694, 5649, 5688, 5669, 5401, 5277, 5439, 5271, 5172, 4949, 5026, 5013, 4848, 4909, 4984, 5000, 5050, 4931, 5002, 5198, 5116, 5082, 5157, 5280, 5356, 5523, 5470, 5702, 5767, 5802, 5916, 5928, 5917, 5776, 5905, 5806, 5755, 5643, 5659, 5636, 5726, 5546, 5690, 5695, 5706, 5845, 5979, 6038, 6247, 6428, 6591, 6724, 6794, 7108, 7003, 7340, 7435, 7704, 8030, 8106, 8509, 8810, 8986, 9313, 9556, 10139, 10211, 10623, 10851, 11329, 11837, 12097, 12580, 12867, 13359, 13935, 14342, 14597, 15287, 15474, 15807, 15790, 16215, 15901, 15995, 16023, 16129, 16112, 16143, 16041, 15937, 16120, 16167, 16279, 16305, 16644, 16240, 16561, 16724, 16829, 17150, 17125, 17377, 17534, 17853, 17893, 18147, 18292, 18654, 18969, 19130, 19017, 18938, 19151, 19365, 19388, 18803, 18775, 18560, 18102, 18082, 17940, 17570, 17173, 16990, 16865, 16152, 16107, 15702, 15743, 15311, 15260, 15486, 15461, 15552, 15605, 15581, 15652, 15822, 15489, 15586, 15788, 15388, 15612, 15507, 15426, 15162, 15282, 15197, 15008, 14780, 14380, 14179, 13883, 13422, 12961, 12584, 11955, 11531, 10800, 10345, 9941, 9511, 9192, 8785, 8681, 8404, 8280, 8211, 8052, 7745, 7921, 7622, 7795, 7693, 7766, 7927, 8209, 8566, 9001, 9722, 10490, 11092, 11545, 11659, 11010, 10272, 9144, 7721, 6341, 5331, 4182, 3449, 2751, 2255, 1899, 1571, 1347, 1148, 1019, 903, 807, 628, 503, 435, 404, 363, 296, 290, 210, 173, 113, 123, 78, 79, 62, 45, 23, 11, 16]
}
